{
  "overall_accuracy": 0.13658536585365855,
  "num_samples": 205,
  "labels": [
    "bb",
    "dm",
    "gg",
    "gt",
    "jm",
    "jz",
    "ks",
    "mc",
    "tf",
    "tm"
  ],
  "per_class_accuracy": {
    "bb": 0.05263157894736842,
    "dm": 0.23809523809523808,
    "gg": 0.0,
    "gt": 0.42857142857142855,
    "jm": 0.0,
    "jz": 0.23809523809523808,
    "ks": 0.09523809523809523,
    "mc": 0.0,
    "tf": 0.09523809523809523,
    "tm": 0.19047619047619047
  },
  "metadata": {
    "task": "person_identification",
    "sensor": "US40",
    "folds": [
      0,
      1,
      2,
      3,
      4
    ],
    "params": {
      "sensor_data": "US40",
      "version": 1,
      "action_indices": [
        0,
        1,
        2,
        3,
        4,
        5,
        6,
        7,
        8,
        9,
        10,
        11,
        12,
        13,
        14,
        15,
        16,
        17,
        18,
        19,
        20
      ],
      "lstm_layers": [
        400
      ],
      "nepochs": 1,
      "folds": [
        0,
        1,
        2,
        3,
        4
      ],
      "seed": 1337,
      "dropout": 0.5,
      "bsize": 16,
      "max_len": null,
      "lr": 0.001,
      "weight_decay": 0.0,
      "mask_val": 0.0,
      "device": "cpu",
      "data_dir": null,
      "print_summary": true,
      "save_results": true,
      "results_root": "results",
      "experiment_name": "Split_Person_LSTM"
    }
  }
}